Processed,ID,Req. Timestamp,Method,URL,Code,Reason,RTT,Size Resp. Header,Size Resp. Body,Highest Alert,Note,Tags
Out of Scope,13714,Sat Mar 30 11:11:32 GMT 2024,POST,https://accounts.google.com/ListAccounts?gpsia=1&source=ChromiumBrowser&json=standard,403,Forbidden,0,130,40,,false,
Processed,13715,Sat Mar 30 11:11:33 GMT 2024,GET,http://localhost:8881/,200,OK,49,270,2402,Low,false,JSON
Processed,13716,Sat Mar 30 11:11:33 GMT 2024,GET,http://localhost:8881/favicon.ico,200,OK,14,268,101,Low,false,JSON
Out of Scope,13717,Sat Mar 30 11:11:33 GMT 2024,POST,https://accounts.google.com/ListAccounts?gpsia=1&source=ChromiumBrowser&json=standard,403,Forbidden,0,130,40,,false,
Out of Scope,13718,Sat Mar 30 11:11:38 GMT 2024,POST,https://accounts.google.com/ListAccounts?gpsia=1&source=ChromiumBrowser&json=standard,403,Forbidden,0,130,40,,false,
Out of Scope,13719,Sat Mar 30 11:11:43 GMT 2024,POST,https://accounts.google.com/ListAccounts?gpsia=1&source=ChromiumBrowser&json=standard,403,Forbidden,0,130,40,,false,
Out of Scope,13720,Sat Mar 30 11:11:47 GMT 2024,POST,https://accounts.google.com/ListAccounts?gpsia=1&source=ChromiumBrowser&json=standard,403,Forbidden,0,130,40,,false,
Out of Scope,13721,Sat Mar 30 11:11:51 GMT 2024,POST,https://accounts.google.com/ListAccounts?gpsia=1&source=ChromiumBrowser&json=standard,403,Forbidden,0,130,40,,false,
Out of Scope,13722,Sat Mar 30 11:11:55 GMT 2024,POST,https://accounts.google.com/ListAccounts?gpsia=1&source=ChromiumBrowser&json=standard,403,Forbidden,0,130,40,,false,
Out of Scope,13723,Sat Mar 30 11:12:00 GMT 2024,POST,https://accounts.google.com/ListAccounts?gpsia=1&source=ChromiumBrowser&json=standard,403,Forbidden,0,130,40,,false,
Out of Scope,13724,Sat Mar 30 11:12:04 GMT 2024,POST,https://accounts.google.com/ListAccounts?gpsia=1&source=ChromiumBrowser&json=standard,403,Forbidden,0,130,40,,false,
Out of Scope,13725,Sat Mar 30 11:12:08 GMT 2024,POST,https://accounts.google.com/ListAccounts?gpsia=1&source=ChromiumBrowser&json=standard,403,Forbidden,0,130,40,,false,
Out of Scope,13726,Sat Mar 30 11:12:13 GMT 2024,POST,https://accounts.google.com/ListAccounts?gpsia=1&source=ChromiumBrowser&json=standard,403,Forbidden,0,130,40,,false,
Out of Scope,13727,Sat Mar 30 11:12:17 GMT 2024,POST,https://accounts.google.com/ListAccounts?gpsia=1&source=ChromiumBrowser&json=standard,403,Forbidden,0,130,40,,false,
Out of Scope,13728,Sat Mar 30 11:12:21 GMT 2024,POST,https://accounts.google.com/ListAccounts?gpsia=1&source=ChromiumBrowser&json=standard,403,Forbidden,0,130,40,,false,
Out of Scope,13729,Sat Mar 30 11:12:26 GMT 2024,POST,https://accounts.google.com/ListAccounts?gpsia=1&source=ChromiumBrowser&json=standard,403,Forbidden,0,130,40,,false,
Out of Scope,13730,Sat Mar 30 11:12:30 GMT 2024,POST,https://accounts.google.com/ListAccounts?gpsia=1&source=ChromiumBrowser&json=standard,403,Forbidden,0,130,40,,false,
Out of Scope,13731,Sat Mar 30 11:12:34 GMT 2024,POST,https://accounts.google.com/ListAccounts?gpsia=1&source=ChromiumBrowser&json=standard,403,Forbidden,0,130,40,,false,
Out of Scope,13732,Sat Mar 30 11:12:39 GMT 2024,POST,https://accounts.google.com/ListAccounts?gpsia=1&source=ChromiumBrowser&json=standard,403,Forbidden,0,130,40,,false,
Out of Scope,13733,Sat Mar 30 11:12:43 GMT 2024,POST,https://accounts.google.com/ListAccounts?gpsia=1&source=ChromiumBrowser&json=standard,403,Forbidden,0,130,40,,false,
Out of Scope,13734,Sat Mar 30 11:12:47 GMT 2024,POST,https://accounts.google.com/ListAccounts?gpsia=1&source=ChromiumBrowser&json=standard,403,Forbidden,0,130,40,,false,
Out of Scope,13735,Sat Mar 30 11:12:51 GMT 2024,POST,https://accounts.google.com/ListAccounts?gpsia=1&source=ChromiumBrowser&json=standard,403,Forbidden,0,130,40,,false,
Out of Scope,13736,Sat Mar 30 11:12:56 GMT 2024,POST,https://accounts.google.com/ListAccounts?gpsia=1&source=ChromiumBrowser&json=standard,403,Forbidden,0,130,40,,false,
